<?xml version="1.0"?>
<!--
/**
 * NOTICE OF LICENSE
 *
 * This source file is subject to the commercial license
 * that is bundled with this package in the file LICENSE.txt.
 *
 * @category Extait
 * @package Extait_WidgetsTransfer
 * @copyright Copyright (c) 2016-2018 Extait, Inc. (http://www.extait.com)
 */
-->
<config xmlns:xsi="http://www.w3.org/2001/XMLSchema-instance" xsi:noNamespaceSchemaLocation="urn:magento:framework:Acl/etc/acl.xsd">
    <acl>
        <resources>
            <resource id="Magento_Backend::admin">
                <resource id="Magento_Backend::stores">
                    <resource id="Magento_Backend::stores_settings">
                        <resource id="Magento_Config::config">
                            <resource id="Extait_WidgetsTransfer::config" title="Extait Widgets Transfer Pro"/>
                        </resource>
                    </resource>
                </resource>
            </resource>
        </resources>
    </acl>
</config>
